airport,side,cancel_rate_cap_20250616_1025,cancel_rate_extension_20251026_1231,cancel_rate_interim_20250520_0615,cancel_rate_pre_20250101_0414,cancel_rate_stress_20250415_0519,delay15_rate_cap_20250616_1025,delay15_rate_extension_20251026_1231,delay15_rate_interim_20250520_0615,delay15_rate_pre_20250101_0414,delay15_rate_stress_20250415_0519,nas_delay_per_scheduled_op_cap_20250616_1025,nas_delay_per_scheduled_op_extension_20251026_1231,nas_delay_per_scheduled_op_interim_20250520_0615,nas_delay_per_scheduled_op_pre_20250101_0414,nas_delay_per_scheduled_op_stress_20250415_0519,ops_per_day_cap_20250616_1025,ops_per_day_extension_20251026_1231,ops_per_day_interim_20250520_0615,ops_per_day_pre_20250101_0414,ops_per_day_stress_20250415_0519,ops_per_day_change,cancel_rate_change,delay15_rate_change,nas_delay_per_scheduled_op_change
ATL,arr,0.011362963339002123,0.023577751913377774,0.0067080949833326475,0.021282111713410323,0.003390053648421815,0.17324216075585375,0.1905217721107479,0.22389791183294663,0.19332000866905868,0.19319682959048878,2.2551970962256007,3.156791168483053,3.5548788015967734,3.0637638463351404,2.6079057367606886,895.3863636363636,846.3582089552239,899.9629629629629,815.9615384615385,868.0857142857143,31.877248677248645,0.0033180413349108324,0.03070108224245785,0.9469730648360848
ATL,dep,0.010949955150879213,0.022627865961199294,0.006622788975730152,0.020112403237778798,0.0029957861469581248,0.2291495550992471,0.23438656008084163,0.29272433641144563,0.23101988793497344,0.23242529304936438,3.2294751806657978,3.23978835978836,4.132250102838338,3.1221825551117552,4.818475111930471,895.2575757575758,846.2686567164179,900.3703703703703,816.0865384615385,867.8857142857142,32.48465608465608,0.0036270028287720274,0.06029904336208125,-0.6862250090921336
AUS,arr,0.008257535777481142,0.007137192704203013,0.006229605458320973,0.012003165670066832,0.008902763325239912,0.23338654646758694,0.2430572622265913,0.2873134328358209,0.1870855769658671,0.23553429771348577,2.644863874833142,3.4279265540169583,5.0817264906555915,1.9360710517059445,4.172274251358538,244.03787878787878,244.67164179104478,249.7037037037037,218.69230769230768,247.11428571428573,2.589417989417967,-0.002673157866918939,0.05177913512233512,0.9094522392970532
AUS,dep,0.009033900409785174,0.008114209017143555,0.006227758007117438,0.012313104661389622,0.00983341045812124,0.2407192757119138,0.25796530938614837,0.30483437779767236,0.1835707925200356,0.2476924874401215,3.443685583012542,3.463608077603563,4.127372479240806,2.1421723834652595,3.820916242480333,244.03030303030303,244.6417910447761,249.77777777777777,218.65384615384616,246.97142857142856,2.8063492063492106,-0.003605652451003802,0.05714189035755085,0.3064562367604733
BNA,arr,0.009194362800512473,0.011179487179487179,0.008387251377905584,0.020614359733530718,0.007671180983047637,0.22608453132527065,0.2511150295612488,0.24420009666505557,0.1955938480142085,0.20700515365527772,2.5779385535207378,4.112923076923077,3.280014378145219,2.608845299777942,2.6464627332133723,301.5681818181818,291.04477611940297,309.1111111111111,259.8076923076923,301.6857142857143,7.425396825396774,0.0007160703948579468,0.03719494300977785,0.6335516449318468
BNA,dep,0.009998995075871773,0.011022249564236645,0.008148591971240264,0.021051463243183247,0.009093492469451549,0.2604171953509618,0.2755170805038619,0.2671257702065966,0.19610733182161755,0.22703374438390211,3.2472867048537837,3.0661334973854197,4.233313361294188,2.821266047578527,4.016387231220991,301.54545454545456,291.13432835820896,309.0740740740741,259.8942307692308,301.62857142857143,7.445502645502643,-0.000944900498211285,0.0400920258226945,0.2169261300731975
BOS,arr,0.01893274580828261,0.024002243949350858,0.0029417172274315132,0.016069316604103462,0.0072782202691568255,0.3094929963459196,0.2570513610050499,0.27023787571454916,0.19788863048420394,0.24823627057684328,10.07533888494716,5.494670620291713,7.217687074829932,3.2711215097444337,6.373661082120297,405.74242424242425,372.4776119402985,402.8888888888889,373.9807692307692,416.1142857142857,-13.225396825396786,-0.004336503041725313,0.022001605137705882,0.8440259927096356
BOS,dep,0.01963859020310633,0.023517628205128205,0.0028500505654132573,0.015940762071270632,0.007211538461538462,0.2568360118820931,0.24055307102121198,0.2150101419878296,0.1883001515389037,0.21369768246281565,4.313228046594982,5.579567307692308,4.012319573411786,5.0960559469326885,4.680425824175824,405.8181818181818,372.53731343283584,402.85185185185185,373.9807692307692,416.0,-13.148148148148152,-0.004361487896125204,0.0013124595250139648,-0.6681062507640378
BWI,arr,0.013500931098696461,0.01501658809149642,0.007300238916910008,0.019523546580421235,0.002730232069725927,0.22010937456624935,0.19547361578916267,0.22128626821767616,0.1603041152097832,0.19922080657049596,3.64196516595465,1.6204528257959374,3.374435890629148,2.0836159974757433,2.7367426231229652,276.6363636363636,256.43283582089555,279.037037037037,243.78846153846155,272.0857142857143,6.951322751322721,0.004570006847184081,0.022065461647180207,0.6376932675061826
BWI,dep,0.013336619564026727,0.01426242868785656,0.007436918990703851,0.01873176117990378,0.003046858583736079,0.28041300063837465,0.2617374357762948,0.28137543484078137,0.21568942651609532,0.25060596480134895,3.437561616825501,3.0968098730934916,4.9800796812749,2.9399006230775298,3.224837150661904,276.6363636363636,256.3880597014925,278.8888888888889,243.82692307692307,271.9428571428571,6.946031746031792,0.004390060406967772,0.030769470039432423,1.7552425306129966
CLE,arr,0.018096828046744576,0.02485420716467648,0.007592534008225245,0.017527675276752766,0.008517034068136272,0.24340315560391731,0.257724619108643,0.22473700988205292,0.20291079812206572,0.2013643254168772,2.292220367278798,2.5206886975840046,2.164504903511547,1.9661439114391144,1.9746993987975952,113.4469696969697,107.49253731343283,117.07407407407408,104.23076923076923,114.05714285714286,3.016931216931212,-0.0009245000599110275,0.023372684465175708,0.18980550471395174
CLE,dep,0.020611612555570525,0.026440962506994965,0.006660323501427212,0.01735438013477338,0.010785051417105593,0.18528198074277855,0.21267423480385111,0.1772030651340996,0.16420854861437295,0.16962474645030426,4.431159908392833,6.056799104644655,5.145258483983508,4.270839102741623,5.154752947078004,112.46969696969697,106.68656716417911,116.77777777777777,104.16346153846153,113.91428571428571,2.8634920634920604,-0.004124727915678381,0.007578318683795354,-0.009494463094496197
CLT,arr,0.01388120138666356,0.012149192078726764,0.012132401424238428,0.028758527536033647,0.013071248205178987,0.1923752972629651,0.19527118435616775,0.2157922840742224,0.19044098230789544,0.20433452064415794,2.1570775191540186,2.3370489612440775,2.562442305156271,2.04922461401679,2.4083279695004207,520.1060606060606,491.4029850746269,561.7037037037037,562.375,577.0571428571428,-15.353439153439126,-0.0009388467809405589,0.011457763430064466,0.1541143356558501
CLT,dep,0.013373151722630927,0.011051401159789902,0.01278586963685494,0.027668051779271192,0.01218364617899064,0.2615648116703826,0.23445798667608142,0.2537552573603044,0.21396035947310107,0.2406618200050138,3.0689489401995775,2.516561921243586,3.5217821129638174,2.690606884522649,3.8635035411817147,520.0378787878788,491.5970149253731,561.9629629629629,562.2980769230769,576.8857142857142,-14.92275132275131,0.000602223457864301,0.013093437355290616,-0.3417214282178973
CMH,arr,0.016436712657468506,0.019844260236121576,0.0052585451358457495,0.01374685666387259,0.011528028933092224,0.24634057087094413,0.23833931317273194,0.2675477239353891,0.202107768145504,0.23279213354676423,2.758908218356329,2.5457171564933434,2.993572889278411,2.4069572506286674,3.3087703435804703,126.28787878787878,118.83582089552239,126.77777777777777,114.71153846153847,126.4,0.3777777777777658,-0.006269483797246475,0.034755590388624885,-0.3151974543020595
CMH,dep,0.017217589537464755,0.018195507591918684,0.008182349503214495,0.013836477987421384,0.011770031688546853,0.19655719692345258,0.22252044989775052,0.18945197407189157,0.16071428571428573,0.18071461291800275,4.128621992920991,5.827079934747145,4.433080070134424,3.6053668763102724,4.569035762788592,126.28030303030303,118.94029850746269,126.74074074074075,114.66346153846153,126.22857142857143,0.5121693121693198,-0.003587682185332359,0.008737361153888817,-0.13595569265416785
CVG,arr,0.014401152092167373,0.019073113602141544,0.0037764350453172208,0.022315510384445427,0.010548523206751054,0.24831561003328192,0.26658707146512023,0.26648976497346477,0.23966101694915254,0.232713981114834,2.4757980638451076,2.851095867492053,2.4830060422960725,2.807887759611136,2.6916817359855334,94.68939393939394,89.2089552238806,98.07407407407408,87.03846153846153,94.8,3.274074074074079,-0.006772088161433834,0.03377578385863078,-0.20867569368946093
CVG,dep,0.013918886489080873,0.02091350175673415,0.006042296072507553,0.022656940760389037,0.00784313725490196,0.1982639733917417,0.21257689678742311,0.22530395136778114,0.18093407214746127,0.17725752508361203,4.059915206783457,6.0684289777480345,4.304003021148036,4.377320954907161,3.817797888386124,94.70454545454545,89.2089552238806,98.07407407407408,87.0,94.71428571428571,3.359788359788368,-0.0018008411823944078,0.04804642628416911,0.48620513276191213
DAL,arr,0.0073799297149550955,0.015472998851014937,0.0113345521023766,0.021852237252861603,0.025830258302583026,0.21265882538059086,0.21224616820975648,0.26904585798816566,0.1624113475177305,0.22872960372960374,2.502499023818821,2.200076599004213,4.145155393053017,1.6402061344829295,4.429747374396821,194.0151515151515,194.8507462686567,202.59259259259258,194.04807692307693,201.31428571428572,1.2783068783068643,-0.014495706200206427,0.04031625425856192,-0.28459198134380426
DAL,dep,0.006949053289088424,0.01463040980467254,0.011517367458866544,0.022148449113071053,0.02441794434980125,0.2870228407437984,0.28233830845771146,0.3538006288144997,0.21150240689130986,0.3039871944121071,2.5585008783915675,2.179165070854079,3.9515539305301646,1.8300961252601329,3.171351504826803,194.0530303030303,194.8507462686567,202.59259259259258,194.05769230769232,201.25714285714287,1.3354497354497141,-0.012900576890934707,0.04981343440239261,0.7802024257033615
DCA,arr,0.03846079809043485,0.025303963366492974,0.021779947427713105,0.05504587155963303,0.019550272128329993,0.268883505835719,0.3140010530152687,0.2658349328214971,0.2872276738072308,0.2699583668103133,5.462934801439873,6.461905889783673,5.507510326699212,6.693238556706103,6.224076195932398,393.5530303030303,378.089552238806,394.51851851851853,390.9326923076923,398.9714285714286,-4.452910052910056,0.0022296752993831125,-0.004123433988816205,-0.716565869233186
DCA,dep,0.03961177761944193,0.025754463580344448,0.022895749272778456,0.05597657595590768,0.019553072625698324,0.25344882900224575,0.2861660720077846,0.2480553154710458,0.252404410039878,0.235152312075389,4.011457952203971,4.410412387422974,4.922398423571361,3.4563013631218937,4.184787279759346,393.4015151515151,377.85074626865674,394.7037037037037,390.78846153846155,398.9142857142857,-4.210582010582016,0.003342676647080132,0.012903003395656809,0.737611143812015
DEN,arr,0.007271433771218689,0.01069575534345062,0.009162356965427373,0.009355243584975827,0.006562342251388188,0.24994791883671513,0.19671720335797518,0.3594443531152392,0.1909599615217672,0.2684959349593496,6.435516693689818,3.190593401923111,15.293154701307163,3.0203142432130905,9.601514386673397,915.7878787878788,842.8507462686567,909.5185185185185,827.3846153846154,849.0,60.518518518518476,0.0026000147140391857,0.09094841815588961,5.691640314633766
DEN,dep,0.006758657202892077,0.009613341831315063,0.00891657505801881,0.008006414427814447,0.005925327408005925,0.2748761087744139,0.22296705457535618,0.3617204831156027,0.21511825412630173,0.272056084261862,3.412658625767277,2.6230613979179944,4.413297504173283,3.0116900622850236,3.8853314480018852,915.7727272727273,843.044776119403,909.6666666666666,827.4615384615385,848.6571428571428,61.009523809523785,0.0029912476500128845,0.08966439885374067,0.5279660561713975
DFW,arr,0.023525623098500835,0.020195521241041587,0.0254161227154047,0.036186363792964846,0.04150308468872686,0.24668685939439175,0.23679842401911608,0.3115241324458956,0.22392345637823796,0.27315595635562595,3.39694404189866,3.6592139831644417,5.115412859007833,3.719294417584437,5.791131932301805,893.9318181818181,835.1194029850747,907.8518518518518,837.2788461538462,866.0285714285715,41.82328042328038,-0.016086961973322163,0.03836817609026966,-0.6757190732939717
DFW,dep,0.022985388344577414,0.018891867739052725,0.0254579576516666,0.03537394658889986,0.04065067476160623,0.3000190846316666,0.2886524693494617,0.3415246786955248,0.24492662199316806,0.3032158211521926,3.3857171915788045,2.6297408400357463,4.000775162172086,2.8804794599187122,3.6821196423268554,893.8484848484849,835.0746268656717,907.8148148148148,837.4807692307693,865.9142857142857,41.90052910052907,-0.015192717109939628,0.038308857543332187,0.318655519845231
DTW,arr,0.009153023075931417,0.024216067750057222,0.0035140027686082417,0.011252356912596557,0.003537735849056604,0.18535866076849683,0.2373334584349784,0.1677708912160718,0.1977423720472441,0.16711749788672867,2.221412917364961,3.0485236896314944,1.546906612714301,2.240496320175172,1.892772911051213,352.59090909090907,326.04477611940297,347.81481481481484,316.1730769230769,339.2,8.61481481481485,-2.3733080448362122e-05,0.0006533933293431382,-0.34586629833691207
DTW,dep,0.008806598505026205,0.024179145487017446,0.00308839190628328,0.010704619408204847,0.0032021572427740792,0.1918042733931435,0.24323055985733727,0.16889221237047325,0.19747317942885248,0.16662439766675122,3.2376707620929635,5.8079864450245,2.7657082002129925,3.89496092205699,3.776523131372714,352.6969696969697,325.92537313432837,347.77777777777777,316.1826923076923,339.0571428571429,8.720634920634893,-0.00011376533649079925,0.002267814703722032,-1.0108149311597217
EWR,arr,0.02670737222976029,0.03511792046823894,0.00455825177637753,0.013688781525896528,0.052177177177177174,0.2797230418922373,0.2851917930419269,0.25643097643097645,0.19573140507916145,0.4689108910891089,13.472207146087744,11.759252883456705,10.487062608928811,5.00040261122135,40.598442192192195,335.0,346.8059701492537,276.25925925925924,334.3557692307692,304.45714285714286,-28.197883597883617,-0.04761892540079964,-0.21247991465813243,-30.111379583263385
EWR,dep,0.02634256642170718,0.03552006905481226,0.004023065575968888,0.012625463748526071,0.0535496576948326,0.23181607059916395,0.24822123775003357,0.1775952605358826,0.18137597576604916,0.3163892191835117,5.611871113623516,6.535994820889081,5.400965535738233,3.8978746656696672,8.960142549001219,335.0378787878788,345.82089552238807,276.18518518518516,334.33653846153845,304.65714285714284,-28.471957671957682,-0.04952659211886371,-0.1387939586476291,-3.5591770132629863
FLL,arr,0.010544119763926874,0.023150224215246637,0.003977174476915096,0.013651386693490444,0.006338196603683329,0.2364793598836152,0.2979858839731451,0.24184027777777778,0.22851107226107226,0.20917077867372727,3.7861666906578377,6.2326793721973095,4.681653121217361,5.490300330507257,4.731523558957187,210.5151515151515,266.2686567164179,214.1851851851852,267.65384615384613,238.9142857142857,-24.72910052910052,-0.002361022126768233,0.03266949910405051,-0.04987043773982602
FLL,dep,0.009683573922747398,0.021896580764695976,0.003982683982683983,0.01314230313476247,0.005256241787122208,0.24402035623409668,0.3051489581539521,0.2320931849791377,0.23560018920787396,0.2118409991593611,5.162568846970733,4.902869013530964,5.6306493506493505,4.106682466156774,5.982558834070003,210.4469696969697,265.8358208955224,213.88888888888889,267.77884615384613,239.17142857142858,-25.282539682539692,-0.001273557804438225,0.020252185819776586,-0.35190948342065287
HNL,arr,0.0055560877478685695,0.011824803708258443,0.0047759836251989995,0.011477188374350482,0.0018099547511312218,0.15629515460938254,0.19634309783649243,0.16019195612431444,0.14244454713493532,0.11078875793291025,0.5207874317463359,0.91315864156655,0.6140550375255857,0.7640609832695712,0.34443438914027147,158.16666666666666,157.77611940298507,162.85185185185185,168.39423076923077,157.85714285714286,4.994708994708986,0.0029660288740677777,0.04940319819140419,0.2696206483853142
HNL,dep,0.004982990752719084,0.011730205278592375,0.0038689121529358215,0.011763362265874829,0.0014479638009049773,0.11975730726633602,0.16693787690246004,0.12542837559972583,0.12319426788397088,0.10096066702918252,0.25595323654832064,0.6865008040866521,0.2177969959035048,0.5246687985381453,0.5735746606334842,158.11363636363637,157.77611940298507,162.74074074074073,168.3846153846154,157.85714285714286,4.883597883597872,0.002420948352030844,0.02446770857054331,-0.3557776647299794
HOU,arr,0.004025803948198089,0.012550647297163752,0.014356319133913862,0.022614079956925562,0.01,0.21291516509204247,0.21527221777421937,0.26575931232091693,0.16382041041178902,0.2037037037037037,1.9730319639132754,2.491155252495306,3.8980936690986114,1.7508412976174452,2.893148148148148,156.18939393939394,151.02985074626866,157.37037037037038,142.8653846153846,154.28571428571428,3.0846560846561033,0.004356319133913862,0.06205560861721324,1.0049455209504634
HOU,dep,0.003927844050043643,0.012249333201620072,0.016945163567898328,0.02146558105107328,0.00962962962962963,0.2513996397449004,0.23882388238823882,0.3157768733540819,0.18484390042635127,0.2526178010471204,1.9721656483367278,1.866343969179097,3.6959284537538246,1.676334028665635,3.5348148148148146,156.22727272727272,151.08955223880596,157.37037037037038,142.89423076923077,154.28571428571428,3.0846560846561033,0.007315533938268698,0.0631590723069615,0.16111363893900998
IAD,arr,0.012298091042584435,0.009867771857114663,0.0058309037900874635,0.012783028489834772,0.004797353184449959,0.2003809700799108,0.188558899740881,0.18370339338081274,0.16688477167849025,0.19547872340425532,3.50541483113069,2.701993289915137,2.7074135776759682,2.1954171482967295,3.1351530190239867,165.0909090909091,151.2537313432836,177.85185185185185,141.41346153846155,172.71428571428572,5.137566137566125,0.0010335506056375048,-0.011775330023442582,-0.42773944134801845
IAD,dep,0.011881278957750355,0.010198078054520495,0.004791666666666666,0.012989662676822633,0.005789909015715467,0.1915970287836583,0.18624925698434713,0.1831693531505129,0.15213946117274169,0.17820299500831946,3.770494059360521,4.578740929594038,5.732291666666667,4.039036996735582,5.856906534325889,165.1439393939394,152.2089552238806,177.77777777777777,141.3846153846154,172.71428571428572,5.063492063492049,-0.000998242349048801,0.004966358142193428,-0.12461486765922203
IAH,arr,0.010876147002654992,0.009176812647646738,0.012666741396704406,0.020550940096195888,0.012048192771084338,0.2113913023003932,0.20183402109124254,0.3115349682107175,0.18415178571428573,0.1956560441516824,3.7843169220736876,3.685762311466473,11.239659231027911,3.0903866575051535,4.350804678568288,325.2878787878788,328.53731343283584,330.4074074074074,307.86538461538464,324.8857142857143,5.52169312169309,0.0006185486256200679,0.11587892405903513,6.888854552459623
IAH,dep,0.009245243473603316,0.008133036485074288,0.017388377832622842,0.02023735165521549,0.011780219780219781,0.23361696126363293,0.21003206596426935,0.3365681013814362,0.20773301032768074,0.22880526643537052,3.6909946205258377,4.296424190104048,5.393538254431232,2.906901936289819,5.232263736263736,325.31060606060606,328.4925373134328,330.14814814814815,307.88461538461536,325.0,5.148148148148152,0.005608158052403061,0.1077628349460657,0.16127451816749616
IND,arr,0.01729271644525882,0.021491635687732342,0.006149732620320855,0.019444444444444445,0.009621692543188278,0.24554247756671715,0.24907990027306184,0.24213075060532688,0.19704123386842934,0.2093177301832634,2.60129409070087,2.7153810408921935,2.6502673796791445,2.263503086419753,2.5003280122457907,132.3030303030303,128.47761194029852,138.5185185185185,124.61538461538461,130.65714285714284,7.861375661375661,-0.0034719599228674233,0.032813020422063466,0.1499393674333538
IND,dep,0.0147757860374549,0.0219435736677116,0.00427578834847675,0.019913553565915405,0.010931351114997814,0.18613032610591176,0.20987654320987653,0.17579173376274826,0.1525437076704993,0.17462422634836428,4.390355649733692,5.529664460698943,4.123997862105826,4.11091386230318,5.429602098819414,132.28030303030303,128.55223880597015,138.59259259259258,124.57692307692308,130.68571428571428,7.906878306878298,-0.006655562766521064,0.0011675074143839836,-1.305604236713588
JFK,arr,0.024820395777679798,0.03603838531344529,0.00518396763181186,0.013876873031802609,0.005415517920441118,0.23414893617021276,0.23794838500243468,0.22864768683274023,0.198799831555306,0.24631224631224632,6.9072282594600205,5.092208198602274,5.119484132001517,4.0676886874069975,7.503544702638834,292.0984848484849,286.17910447761193,292.9259259259259,277.8557692307692,290.1714285714286,2.754497354497346,-0.00023155028862925815,-0.017664559479506098,-2.384060570637317
JFK,dep,0.024096385542168676,0.03668386222708561,0.004930467762326169,0.013633217993079585,0.0048209366391184574,0.2270277445904686,0.24887758965759724,0.1973065684157032,0.18304918262821862,0.1815126050420168,5.694105454074362,6.182533479235058,5.615044247787611,5.001176470588235,5.396103896103896,292.3863636363636,286.43283582089555,292.962962962963,277.88461538461536,290.4,2.562962962963013,0.00010953112320771178,0.01579396337368641,0.21894035168371495
LAS,arr,0.0060790273556231,0.01156864584310415,0.007067385067525016,0.00840810338017042,0.004343450394618359,0.21661825949318458,0.21038813146490368,0.23276955602536997,0.1981751270961378,0.1894983242006703,2.9601808434268606,2.63267986117625,3.1275628017633474,4.170024264996332,2.745431431749563,495.99242424242425,477.35820895522386,529.2962962962963,511.1826923076923,539.4,-10.103703703703673,0.0027239346729066565,0.04327123182469966,0.3821313700137843
LAS,dep,0.006446389563570261,0.011033318747265113,0.006572047822135217,0.007995033673200647,0.004236166269526079,0.2513183991636045,0.23889889700072692,0.2681399113238089,0.2020556387840631,0.21286891784099973,3.027282587110276,2.521472776145527,3.2398797455079356,1.798750893562587,2.9109875562615835,495.9318181818182,477.5223880597015,529.7407407407408,511.13461538461536,539.5714285714286,-9.830687830687793,0.002335881552609138,0.055270993482809144,0.3288921892463521
LAX,arr,0.006273204455255409,0.013725603752823305,0.003695339765961815,0.007183415266186502,0.0031231489957460556,0.1948524148987947,0.21274221961244863,0.19602994711175217,0.16532002686882258,0.17139307513639065,1.7727705941763041,2.572131812127179,1.9362896051461027,1.9173240349072063,1.635076194066017,532.5681818181819,515.4328358208955,541.2222222222222,504.63461538461536,530.6,10.622222222222149,0.0005721907702157594,0.02463687197536152,0.3012134110800857
LAX,dep,0.0060899260102447355,0.012690870106916234,0.0037645448323066393,0.006438340508209837,0.003015454202789295,0.18934318272919887,0.21672780630961117,0.19051872208862933,0.15128450920245398,0.16370510396975424,2.703471826977803,3.1051777591052647,2.52217659137577,1.921254143014972,3.4388562812987993,532.4242424242424,515.1194029850747,541.1111111111111,504.78846153846155,530.6,10.511111111111063,0.0007490906295173441,0.026813618118875088,-0.9166796899230292
LGA,arr,0.03628668284757186,0.04618774097096546,0.008410934214478822,0.019742650009363046,0.016300604576413868,0.25974107068520524,0.3401666391684541,0.21892355851762094,0.21553912070518244,0.26847673875836314,7.575411710428661,11.558423164686443,3.690597777110243,4.544661726545571,9.54350654320043,377.67424242424244,379.3731343283582,369.8888888888889,359.4326923076923,373.34285714285716,-3.4539682539682417,-0.007889670361935046,-0.049553180240742206,-5.852908766090186
LGA,dep,0.03748871728011233,0.046753246753246755,0.008809690659725698,0.020385232744783308,0.01649988541746238,0.23196348935106073,0.289158616134093,0.19886880113119887,0.17909224971325577,0.21398058252427185,6.193300571657808,8.244628099173553,6.1722895184703175,4.439994649545211,5.569322435260866,377.68939393939394,379.25373134328356,369.962962962963,359.4230769230769,374.0285714285714,-4.06560846560842,-0.007690194757736682,-0.015111781393072982,0.6029670832094514
MCI,arr,0.009675457510919444,0.014205521823805705,0.008247422680412371,0.029374803644360667,0.008336807002917883,0.24335640911121037,0.24648460197559557,0.27442827442827444,0.19533905162647677,0.2147961328289197,2.1013987947144357,2.1429717035170124,2.5530927835051545,1.8170750863964813,1.9889537307211338,137.02272727272728,130.28358208955223,143.7037037037037,122.42307692307692,137.0857142857143,6.617989417989406,-8.938432250551152e-05,0.05963214159935473,0.5641390527840207
MCI,dep,0.010226644555002764,0.01500916590284143,0.007987632053594434,0.03149791846673474,0.0070862859524802,0.2040770734431723,0.22251948354077003,0.2225974025974026,0.172992700729927,0.1767422334172964,3.5510226644555,3.822639780018332,4.078587992785365,2.9503573953342235,3.4754064193413923,137.04545454545453,130.26865671641792,143.74074074074073,122.41346153846153,137.0857142857143,6.655026455026444,0.0009013461011142341,0.04585516918010621,0.6031815734439725
MCO,arr,0.009144456968330727,0.017116545994461312,0.00572894399315947,0.012756283416831557,0.005498672734167614,0.2598572555639139,0.25809627265937946,0.2696938424492604,0.20788912579957355,0.2170956466476009,5.417899865469222,5.662340262253512,6.062932877297991,4.365322275081042,4.09094931108583,416.7121212121212,447.32835820895525,433.14814814814815,456.78846153846155,452.0571428571429,-18.908994708994726,0.00023027125899185551,0.05259819580165953,1.9719835662121605
MCO,dep,0.00868917125665776,0.01684063094007403,0.0049593843522873025,0.011594141907246865,0.0048007074726801845,0.26503218234830284,0.2646699681161387,0.27103205293460514,0.20756604858109978,0.22894319263725801,5.085964625256767,4.777703671591023,6.062248824283882,3.337682013298544,5.812519739751121,416.75,447.56716417910445,433.14814814814815,456.96153846153845,452.3142857142857,-19.166137566137536,0.000158676879607118,0.042088860297347125,0.24972908453276155
MDW,arr,0.008019948780159051,0.023445544554455446,0.00565843621399177,0.013347457627118644,0.002712348322626695,0.20881173992798424,0.22824235542217536,0.20796689084324885,0.16711402190251234,0.1711995419410249,2.257952554252595,2.278178217821782,1.9948559670781894,1.6361228813559323,1.3635974304068523,224.8181818181818,188.43283582089552,216.0,181.53846153846155,200.14285714285714,15.857142857142861,0.0029460878913650746,0.03676734890222394,0.631258536671337
MDW,dep,0.0073132919924507956,0.024633663366336635,0.005656496400411382,0.011865663735565208,0.001997716894977169,0.27475810558479036,0.2633587786259542,0.25857610756766075,0.19250562881955613,0.20946525593365742,2.505156376381774,3.62170297029703,2.21169009256085,2.6579086767666067,2.6996289954337898,224.78787878787878,188.43283582089552,216.07407407407408,181.51923076923077,200.22857142857143,15.845502645502648,0.0036587795054342127,0.04911085163400333,-0.48793890287293973
MIA,arr,0.011540775583875732,0.015342960288808664,0.011829161997260616,0.014349724916340536,0.006713845037198331,0.24900398406374502,0.2342129383954846,0.23122479838709678,0.2204511451260214,0.20186335403726707,3.6967401411146965,3.6602223066692,3.6562071971111942,4.7122681640292665,3.205407367084014,277.0151515151515,314.2089552238806,297.44444444444446,339.0576923076923,314.9142857142857,-17.469841269841254,0.005115316960062285,0.029361444349829707,0.45079983002718027
MIA,dep,0.01148137011016648,0.015079440586052706,0.01145703611457036,0.014715055287779983,0.0064521992002908035,0.27966593844196785,0.2444337116638493,0.2615268329554044,0.23826652470432505,0.22034208360010976,4.725349225007518,3.9446770050423368,5.0135740971357405,3.567394386163879,5.18484187568157,277.1287878787879,313.76119402985074,297.4074074074074,339.13461538461536,314.4,-16.992592592592587,0.005004836914279557,0.04118474935529465,-0.17126777854582986
MSP,arr,0.005275350352072296,0.02012870012870013,0.00266844563042028,0.0076625799573560765,0.003853918150119288,0.1833798335216399,0.225070925711884,0.17034559643255295,0.1713892432686497,0.19620486366985998,1.8513498016009542,2.841904761904762,1.7657327106960197,1.7699560234541578,3.723251972839053,330.29545454545456,289.92537313432837,333.1111111111111,288.61538461538464,311.37142857142857,21.73968253968252,-0.0011854725196990081,-0.025859267237307026,-1.9575192621430335
MSP,dep,0.005321345015826414,0.02065306963329213,0.002780249110320285,0.007327715418179396,0.004402861860209136,0.19033344094451873,0.2217722850381278,0.164380506300881,0.17461329396369493,0.18297401879491432,2.9292857470526172,5.196847960444994,2.670373665480427,3.0178529793824733,3.5442120711796,330.2878787878788,289.7910447761194,333.037037037037,288.6826923076923,311.48571428571427,21.551322751322743,-0.001622612749888851,-0.01859351249403332,-0.873838405699173
MSY,arr,0.009015821312238251,0.011626666666666667,0.011060156460749933,0.03125,0.009176065761804627,0.2358983389094324,0.22987265270882798,0.2785051827605019,0.21311475409836064,0.22110746671811693,2.294439274080968,2.2725333333333335,3.5060695980577288,3.106813524590164,3.133817625692984,130.24242424242425,139.92537313432837,137.2962962962963,150.15384615384616,149.45714285714286,-12.16084656084655,0.0018840906989453059,0.05739771604238497,0.3722519723647446
MSY,dep,0.010063405270199523,0.01312,0.011596548004314994,0.033107069672131145,0.01070541005543873,0.22076624750264426,0.23076091655858194,0.2791268758526603,0.208424398966819,0.2195169082125604,3.5385376068873247,3.5534933333333334,5.4045307443365695,2.9123975409836067,4.379468552857962,130.2348484848485,139.92537313432837,137.33333333333334,150.15384615384616,149.45714285714286,-12.123809523809513,0.0008911379488762642,0.05960996764009993,1.0250621914786073
OAK,arr,0.005664805373472526,0.012096077414895455,0.0054446460980036296,0.00696101829753381,0.005235602094240838,0.21087328070318223,0.21182438341787652,0.22445255474452555,0.13448828359703585,0.17894736842105263,0.6166545277980092,0.5507171245895974,1.0261343012704174,0.6609984089101034,0.5847340865252135,93.61363636363636,86.3731343283582,102.03703703703704,96.6923076923077,103.68571428571428,-1.6486772486772452,0.00020904400376279154,0.04550518632347292,0.44140021474520386
OAK,dep,0.005418958265933355,0.012264639834168251,0.003265602322206096,0.00626553953257086,0.0035842293906810036,0.22704724729608847,0.24239244491080797,0.21696396068438295,0.15002001601281026,0.16242390702822357,1.4200905855710126,2.142684401451028,1.5424528301886793,1.1260069617105917,1.2594430658946787,93.66666666666667,86.40298507462687,102.07407407407408,96.6826923076923,103.62857142857143,-1.5544973544973573,-0.00031862706847490775,0.05454005365615938,0.2830097642940006
ORD,arr,0.01586567727717546,0.038781608456768306,0.0044667345819293155,0.016199186214109873,0.005407667299707084,0.27526268810974175,0.3011097740339618,0.23299748110831234,0.21107495235255222,0.19013560309395125,6.020681630797445,8.80993156186743,4.279641093958154,4.429354966262324,2.8026201435606914,983.1590909090909,929.044776119403,945.2592592592592,753.8365384615385,887.6285714285714,57.63068783068786,-0.0009409327177777689,0.04286187801436109,1.4770209503974625
ORD,dep,0.014785764367771811,0.03753794754003566,0.0033300685602350635,0.014833805260069896,0.0048942267443732495,0.27873275565426847,0.2930407209612817,0.22275943396226416,0.21168062766219137,0.17819123119236369,3.7707397505143043,6.131246285558251,3.1627032321253674,3.743144307543175,3.6510609524422835,983.2348484848485,929.2089552238806,945.3703703703703,753.8653846153846,887.3428571428572,58.02751322751317,-0.001564158184138186,0.04456820276990048,-0.48835772031691604
PDX,arr,0.006499420433846663,0.010349172066234702,0.005943840951014552,0.008265538561666124,0.0031892274982282067,0.1979665819409142,0.21787760298263162,0.211340206185567,0.16760729754560966,0.17116956985424814,1.5038499751614505,2.015838732901368,1.8024185283869645,1.6965831435079726,1.2473423104181431,183.0,165.8507462686567,180.7037037037037,147.7403846153846,161.25714285714287,19.44656084656083,0.0027546134527863457,0.04017063633131887,0.5550762179688213
PDX,dep,0.0068722831711860895,0.009985606333213387,0.005540734660373486,0.007614213197969543,0.0030093821915383252,0.1725374129809496,0.1769195820081781,0.16879900949236484,0.13292674929503573,0.12908380681818182,2.7981370316704615,2.712396545519971,2.9835830084137083,1.8848756995965117,2.8674101610904583,182.99242424242425,165.91044776119404,180.4814814814815,147.75,161.4,19.08148148148149,0.002531352468835161,0.03971520267418302,0.11617284732324995
PHL,arr,0.023172485942199554,0.020606857006331383,0.00864516129032258,0.023064783717071987,0.016484607745779544,0.25850759056467376,0.23979996340794046,0.26343876090068985,0.2159632191525494,0.25514943457189015,4.230495619197071,2.2920200692868233,3.369290322580645,2.622344515032574,4.248659384309831,289.65909090909093,249.88059701492537,287.037037037037,237.625,287.7142857142857,-0.6772486772487127,-0.007839446455456964,0.008289326328799695,-0.8793690617291858
PHL,dep,0.02334640522875817,0.020909253838341597,0.007997936016511867,0.02294989071480612,0.01658061953931692,0.2670449982600316,0.2471169686985173,0.23498049414824448,0.19437424914039522,0.23190307925290257,4.336,5.418005854591074,5.6568627450980395,4.577713915648021,4.7724384432088955,289.77272727272725,249.83582089552237,287.1111111111111,237.55769230769232,287.77142857142854,-0.660317460317458,-0.008582683522805052,0.0030774148953419123,0.884424301889144
PHX,arr,0.007735843253052813,0.012820173931431894,0.004693191370131689,0.007336200354161397,0.0046230266069935575,0.20852772051643703,0.22125528838429817,0.21577873178971074,0.16709140332993544,0.18340827115964228,1.6240810802497616,3.764928233459332,1.5386662930792938,1.691221856817607,1.6915359268184724,492.59090909090907,564.6417910447761,528.7407407407408,570.1442307692307,580.9428571428572,-52.20211640211642,7.016476313813184e-05,0.03237046063006846,-0.1528696337391786
PHX,dep,0.006661333497430848,0.012584269662921348,0.00392019600980049,0.006053860811790695,0.004030870569729146,0.22970775449519118,0.2339286192401403,0.22967179703422588,0.17652946964812866,0.19352450520704803,1.9676163810344298,2.0954395241242563,2.261603080154008,1.4483904150014333,2.5131986432679545,492.43939393939394,564.5522388059702,529.074074074074,570.2019230769231,581.2285714285714,-52.15449735449738,-0.00011067455992865537,0.03614729182717785,-0.2515955631139466
PIT,arr,0.01810146506841022,0.017639429312581063,0.003572491813039595,0.014175600248073005,0.014668218859138533,0.2386090387816758,0.2372590440982308,0.24619061846429638,0.197807135795812,0.21691871455576558,2.524337086814384,2.1603112840466925,1.9770765108663293,2.228581554000177,2.9257275902211872,125.13636363636364,115.07462686567165,124.4074074074074,108.52884615384616,122.71428571428571,1.6931216931216966,-0.011095727046098939,0.029271903908530794,-0.9486510793548579
PIT,dep,0.01622374235728555,0.017498379779650033,0.0023823704586063135,0.015327367768228937,0.01047242262043286,0.1813426866039013,0.18350923482849604,0.16955223880597015,0.15296023034011158,0.15874882408278457,4.192505599612567,5.737653920933247,4.456521739130435,4.337467883405688,4.928322085175704,125.14393939393939,115.14925373134328,124.37037037037037,108.52884615384616,122.77142857142857,1.5989417989417944,-0.008090052161826546,0.010803414723185578,-0.47180034604526977
RDU,arr,0.01627804663440387,0.017450682852807285,0.006103286384976526,0.018372881355932204,0.008762117822520506,0.24468296561319816,0.25,0.23712801133679737,0.19517922508460528,0.22663155914989655,2.5970083589969204,2.6673937784522,2.4511737089201877,2.0307118644067796,2.6621923937360177,154.97727272727272,157.37313432835822,157.77777777777777,141.82692307692307,153.25714285714287,4.520634920634905,-0.0026588314375439806,0.010496452186900818,-0.21101868481582997
RDU,dep,0.018083182640144666,0.01877133105802048,0.005397793945083313,0.01959189207511355,0.011376352107422603,0.22174107809466925,0.21961352657004832,0.18971212836243512,0.16505324298160698,0.18204112431616676,5.095596500659791,4.811149032992036,4.851678009856841,3.2091383635007795,5.678105184632599,155.00757575757575,157.43283582089552,157.8148148148148,141.83653846153845,153.2,4.614814814814821,-0.00597855816233929,0.007671004046268359,-0.8264271747757581
RSW,arr,0.011150806538919563,0.01622863708171765,0.004721435316336166,0.013890974620813935,0.004460551993309172,0.21250273702649441,0.25547445255474455,0.22058823529411764,0.23102109190588593,0.20078409409129094,2.400887734112807,4.478672985781991,2.751180358829084,4.724132752665565,2.9297463061053803,69.97727272727273,103.92537313432835,78.44444444444444,128.05769230769232,102.48571428571428,-24.041269841269838,0.000260883323026994,0.019804141202826697,-0.17856594727629638
RSW,dep,0.01299545159194282,0.016398158803222096,0.003770028275212064,0.0147920108124343,0.0055617352614015575,0.19815668202764977,0.21921614507165837,0.18732261116367077,0.20181388613672738,0.17645413870246085,3.9744422785358458,4.352704257767549,4.474552309142319,3.3677729388797117,5.0937152391546165,69.95454545454545,103.76119402985074,78.5925925925926,128.05769230769232,102.74285714285715,-24.150264550264552,-0.0017917069861894935,0.010868472461209921,-0.6191629300122976
SAN,arr,0.008878016601616185,0.01973212809347958,0.0054601145292315885,0.010018859028760018,0.0052999788000848,0.2508111705815469,0.28276637615968514,0.24531333690412427,0.21665277612414177,0.21579283887468031,2.955609916991919,5.096896874827757,2.6799840191769877,3.2075671852899577,2.2380750476998093,275.6212121212121,270.7910447761194,278.1111111111111,244.73076923076923,269.54285714285714,8.568253968253941,0.00016013572914678857,0.029520498029443953,0.44190897147717845
SAN,dep,0.010143214491877182,0.021269561384174563,0.00559254327563249,0.010056963268513063,0.005936605533764444,0.24182171618994724,0.2759824344105394,0.23111944295661488,0.18679312671137743,0.19441185880345527,2.9751230105280517,3.139905223716112,3.5977363515312915,2.68516990768022,3.368705607972013,275.5984848484849,270.86567164179104,278.14814814814815,244.7596153846154,269.51428571428573,8.633862433862419,-0.0003440622581319542,0.03670758415315961,0.22903074355927844
SAT,arr,0.009167103195390257,0.008416418490224006,0.011290814769606347,0.01483967847363307,0.009950248756218905,0.2295796986518636,0.21755027422303475,0.29228395061728396,0.2072088227382767,0.22780569514237856,1.4717784180199056,1.4504726142690665,3.0509612450411963,2.016606306863351,2.228144989339019,115.6969696969697,115.26865671641791,121.37037037037037,108.85576923076923,120.6,0.7703703703703724,0.0013405660133874418,0.0644782554749054,0.8228162557021772
SAT,dep,0.010280924628380591,0.008934351935776253,0.01282051282051282,0.01519434628975265,0.012322274881516588,0.17592960169379385,0.1772929187353018,0.253865182436611,0.15904198062432723,0.18258157389635316,3.002357409468928,2.8955069273598344,4.767399267399267,1.8356890459363957,2.862796208530806,115.68939393939394,115.26865671641791,121.33333333333333,108.84615384615384,120.57142857142857,0.7619047619047592,0.0004982379389962318,0.07128360854025784,1.9046030588684615
SEA,arr,0.009970179824693514,0.014911066141229098,0.006538828888399089,0.009337364084060657,0.00319693094629156,0.22245040769137156,0.23573719681407,0.2404969679041562,0.18100159960625076,0.19134060295060937,2.639642760324106,3.2431923882557605,3.0230695760781723,2.0773806621483253,2.121547314578005,503.0151515151515,420.4029850746269,504.1111111111111,394.40384615384613,446.85714285714283,57.25396825396825,0.0033418979421075286,0.04915636495354683,0.9015222615001672
SEA,dep,0.008691722527679446,0.012846901838313577,0.004921042967315461,0.0074603213301801695,0.002301790281329923,0.2312484804279115,0.21527178602243313,0.23405668733392382,0.18267790032178036,0.18136375288387593,2.759177525043308,3.0092270565689545,3.3795813441057656,2.3668235122022576,3.161061381074169,502.9166666666667,420.56716417910445,504.25925925925924,394.3942307692308,446.85714285714283,57.402116402116405,0.0026192526859855378,0.052692934450047885,0.21851996303159682
SFO,arr,0.007103218645948946,0.014702547433668455,0.00482358195623046,0.008066200271483763,0.003862601738170782,0.25152768462627617,0.2825961870420806,0.22897405977919397,0.21211084502223743,0.20987397867331395,4.196022937476878,9.398102653261773,3.284323358642251,5.994831366816331,3.519933783970203,409.54545454545456,394.8955223880597,414.6296296296296,368.34615384615387,414.22857142857146,0.4010582010581629,0.0009609802180596777,0.019100081105880018,-0.23561042532795184
SFO,dep,0.006494347512350362,0.013690858893385272,0.0040157058718543635,0.007154233792005013,0.0033098882912701694,0.19645783671036948,0.22481690248859235,0.1816145506675029,0.16778435239973702,0.16223882662238825,3.258941291838585,3.7570818047728904,3.063715866500089,2.229039922713387,3.973658805681975,409.4469696969697,394.64179104477614,415.037037037037,368.25961538461536,414.34285714285716,0.6941798941798538,0.0007058175805841941,0.019375724045114645,-0.9099429391818856
SJC,arr,0.005317891751359017,0.008862813631257021,0.004230118443316413,0.0071584189231248055,0.003963884606914776,0.19840798384222408,0.19357682619647354,0.20475785896346643,0.13934169278996866,0.17886358611541012,0.8217324509572205,0.8839096242666333,1.014664410603497,0.8699035169623405,0.7553402334287602,128.21212121212122,119.56716417910448,131.33333333333334,123.57692307692308,129.74285714285713,1.5904761904762097,0.0002662338364016366,0.025894272848056316,0.25932417717473677
SJC,dep,0.005552930056710775,0.009599800523625484,0.004230118443316413,0.006762008394217317,0.0028628055494384495,0.18593323036711418,0.19108761329305135,0.19173038799207023,0.12731825651459425,0.15061837455830387,1.8327622873345937,2.376511656900636,2.4077834179357023,1.4362661277786415,2.0726712177934377,128.24242424242425,119.71641791044776,131.33333333333334,123.71153846153847,129.74285714285713,1.5904761904762097,0.0013673128938779633,0.04111201343376636,0.3351122001422646
SJU,arr,0.008528057308545113,0.013227915462977042,0.0032822757111597373,0.0075134168157423974,0.0025810151993117293,0.28874935489420267,0.29553158705701077,0.24002927186242223,0.2491888968997837,0.21707878090856814,4.172693160498039,4.707617454766611,3.6517140773158276,4.303220035778176,3.1135646687697163,88.83333333333333,98.16417910447761,101.55555555555556,107.5,99.62857142857143,1.9269841269841237,0.000701260511848008,0.022950490953854097,0.5381494085461114
SJU,dep,0.008686025717448692,0.014185478950579622,0.004023408924652524,0.009207938494546755,0.0031545741324921135,0.23967013143200755,0.2277580071174377,0.17186926184355492,0.21754037715420013,0.18095512082853854,2.4082432087200885,1.771201952410006,1.9198975859546452,3.1100482746290004,2.0091769429308863,88.96212121212122,97.85074626865672,101.25925925925925,107.5576923076923,99.62857142857143,1.630687830687819,0.0008688347921604104,-0.009085858984983625,-0.08927935697624112
SLC,arr,0.004060746895758515,0.011684047894940132,0.0025045537340619307,0.004559409100580565,0.001890359168241966,0.15166156021682772,0.15818270639960919,0.15304724948641862,0.15063055360469021,0.1406024531024531,1.1598244255099406,1.427143684820394,1.2560336976320583,1.2963007994163955,1.0187235574759204,322.75,309.13432835820896,325.3333333333333,316.33653846153845,317.4,7.933333333333337,0.0006141945658199646,0.012444796383965534,0.23731014015613794
SLC,dep,0.003955251825500843,0.011706894059835236,0.002387177446856883,0.0042544139544777706,0.002070393374741201,0.15531379966634554,0.15618601930389003,0.1559936189608022,0.15497299111911375,0.14513801190690961,2.02820164763153,2.0898010309775015,2.4657269523701264,1.9892120217582885,2.642542082995769,323.6969696969697,309.8059701492537,325.81481481481484,316.41346153846155,317.4,8.41481481481486,0.000316784072115682,0.010855607053892574,-0.1768151306256427
SMF,arr,0.005295315682281059,0.011070475437382623,0.0038876889848812094,0.00609676150517897,0.0027430138865078006,0.20616070616070617,0.2030984507746127,0.22029488291413704,0.158828573313106,0.18170878459687123,1.091061326091876,1.0398339428684393,1.237365010799136,1.0583453520388095,1.0296588376478657,167.38636363636363,151.0,171.4814814814815,146.67307692307693,166.65714285714284,4.824338624338651,0.0011446750983734088,0.03858609831726581,0.20770617315127038
SMF,dep,0.005203855378071406,0.012057718916781974,0.0038893690579083835,0.005836448291691258,0.0034281796366129585,0.19195778748180495,0.2062825130052021,0.20477223427331886,0.1487467018469657,0.16391468868249054,1.8212136295759989,2.421921328325756,2.3217372515125323,1.2896583382516886,1.7809393212204319,167.41666666666666,151.01492537313433,171.40740740740742,146.625,166.68571428571428,4.721693121693136,0.00046118942129542507,0.040857545590828326,0.5407979302921004
SNA,arr,0.00840686859050799,0.010447940434730395,0.006628242074927954,0.01003732890916632,0.0068634179821551134,0.19565870963862667,0.19648058252427184,0.2123585726718886,0.1583710407239819,0.16378714581893572,1.7590031004054376,2.094271646451303,1.8314121037463977,1.5872252177519701,1.277968428277282,127.06060606060606,124.28358208955224,128.5185185185185,115.91346153846153,124.88571428571429,3.6328042328042187,-0.0002351759072271595,0.048571426852952876,0.5534436754691157
SNA,dep,0.00947839046199702,0.012130674993994716,0.0077809798270893375,0.01244296972210701,0.007778540379775795,0.20137217140105923,0.21580547112462006,0.21405750798722045,0.1606047879042419,0.184228729536546,3.324232488822653,3.8427816478501082,4.062824207492795,2.1485690584819577,4.24822695035461,127.08333333333333,124.26865671641791,128.5185185185185,115.91346153846153,124.88571428571429,3.6328042328042187,2.4394473135428904e-06,0.029828778450674442,-0.18540274286181457
STL,arr,0.008000331619963523,0.011087236785560808,0.007182761372705506,0.0252243796562445,0.010959762016596212,0.21169194768292174,0.21606118546845124,0.2254823151125402,0.17307576578203046,0.1953458920373595,1.4871082739180899,1.9808336914482165,1.7272545889864326,1.7736845192702528,1.9326757476123375,182.75757575757575,173.65671641791045,185.62962962962962,163.91346153846155,182.4857142857143,3.1439153439153245,-0.0037770006438907055,0.03013642307518069,-0.20542115862590493
STL,dep,0.008786836324449786,0.011345079501504082,0.005188585112751946,0.025868137024870952,0.011910358877918822,0.2400167259042442,0.26436581761279665,0.24994984954864594,0.1858854699825375,0.20824742268041238,2.8380237907738217,3.547486033519553,3.3803632009578926,2.8958235570154858,3.3610719322990126,182.78030303030303,173.65671641791045,185.59259259259258,163.92307692307693,182.31428571428572,3.2783068783068643,-0.006721773765166876,0.041702426868233555,0.01929126865887998
TPA,arr,0.00930162778486235,0.01683175174897832,0.006625891946992864,0.015027715048244714,0.005304712558598569,0.2553191489361702,0.25637593349302523,0.25072686847956216,0.22577014464963108,0.21952126999875976,3.0359687945390443,3.640645563482718,3.2033639143730888,4.487292137138165,2.622008388847767,201.9848484848485,215.47761194029852,218.0,234.18269230769232,231.6,-13.599999999999994,0.0013211793883942955,0.0312055984808024,0.5813555255253218
TPA,dep,0.009262384220197248,0.018164170826400445,0.006455997281685355,0.0151129363449692,0.005798174191956575,0.23024224072672217,0.22574495127806807,0.2368331053351573,0.20498707363856225,0.2012656657153493,4.066336670791615,3.9025235718247364,4.118586476384642,3.422464065708419,4.283370342955835,202.02272727272728,215.28358208955223,218.0,234.1346153846154,231.6,-13.599999999999994,0.00065782308972878,0.03556743961980802,-0.16478386657119337
