airport,side,period,days,scheduled_ops,operated_ops,cancelled_ops,delay15_ops,nas_delay_minutes,weather_delay_minutes,ops_per_day,cancel_rate,delay15_rate,nas_delay_per_scheduled_op,weather_delay_per_scheduled_op
ATL,arr,pre_20250101_0414,104,84860,83054,1806.0,16056.0,259991.0,93123.0,815.9615384615385,0.021282111713410323,0.19332000866905868,3.0637638463351404,1.0973721423521094
ATL,arr,stress_20250415_0519,35,30383,30280,103.0,5850.0,79236.0,20361.0,868.0857142857143,0.003390053648421815,0.19319682959048878,2.6079057367606886,0.6701444886943356
ATL,arr,interim_20250520_0615,27,24299,24136,163.0,5404.0,86380.0,28119.0,899.9629629629629,0.0067080949833326475,0.22389791183294663,3.5548788015967734,1.1572081155603111
ATL,arr,cap_20250616_1025,132,118191,116848,1343.0,20243.0,266544.0,84757.0,895.3863636363636,0.011362963339002123,0.17324216075585375,2.2551970962256007,0.7171189007623254
ATL,arr,extension_20251026_1231,67,56706,55369,1337.0,10549.0,179009.0,30092.0,846.3582089552239,0.023577751913377774,0.1905217721107479,3.156791168483053,0.5306669488237576
ATL,dep,pre_20250101_0414,104,84873,83166,1707.0,19213.0,264989.0,137778.0,816.0865384615385,0.020112403237778798,0.23101988793497344,3.1221825551117552,1.6233431126506663
ATL,dep,stress_20250415_0519,35,30376,30285,91.0,7039.0,146366.0,23191.0,867.8857142857142,0.0029957861469581248,0.23242529304936438,4.818475111930471,0.7634645772978668
ATL,dep,interim_20250520_0615,27,24310,24149,161.0,7069.0,100455.0,40430.0,900.3703703703703,0.006622788975730152,0.29272433641144563,4.132250102838338,1.6631016042780749
ATL,dep,cap_20250616_1025,132,118174,116880,1294.0,26783.0,381640.0,127647.0,895.2575757575758,0.010949955150879213,0.2291495550992471,3.2294751806657978,1.0801614568348368
ATL,dep,extension_20251026_1231,67,56700,55417,1283.0,12989.0,183696.0,54361.0,846.2686567164179,0.022627865961199294,0.23438656008084163,3.23978835978836,0.9587477954144621
BOS,arr,pre_20250101_0414,104,38894,38269,625.0,7573.0,127227.0,26541.0,373.9807692307692,0.016069316604103462,0.19788863048420394,3.2711215097444337,0.682393171183216
BOS,arr,stress_20250415_0519,35,14564,14458,106.0,3589.0,92826.0,10640.0,416.1142857142857,0.0072782202691568255,0.24823627057684328,6.373661082120297,0.7305685251304587
BOS,arr,interim_20250520_0615,27,10878,10846,32.0,2931.0,78514.0,8322.0,402.8888888888889,0.0029417172274315132,0.27023787571454916,7.217687074829932,0.7650303364589078
BOS,arr,cap_20250616_1025,132,53558,52544,1014.0,16262.0,539615.0,39624.0,405.74242424242425,0.01893274580828261,0.3094929963459196,10.07533888494716,0.7398334515851973
BOS,arr,extension_20251026_1231,67,24956,24357,599.0,6261.0,137125.0,12824.0,372.4776119402985,0.024002243949350858,0.2570513610050499,5.494670620291713,0.5138644013463696
BOS,dep,pre_20250101_0414,104,38894,38274,620.0,7207.0,198206.0,25540.0,373.9807692307692,0.015940762071270632,0.1883001515389037,5.0960559469326885,0.6566565537100838
BOS,dep,stress_20250415_0519,35,14560,14455,105.0,3089.0,68147.0,5839.0,416.0,0.007211538461538462,0.21369768246281565,4.680425824175824,0.4010302197802198
BOS,dep,interim_20250520_0615,27,10877,10846,31.0,2332.0,43642.0,2235.0,402.85185185185185,0.0028500505654132573,0.2150101419878296,4.012319573411786,0.2054794520547945
BOS,dep,cap_20250616_1025,132,53568,52516,1052.0,13488.0,231051.0,22398.0,405.8181818181818,0.01963859020310633,0.2568360118820931,4.313228046594982,0.41812275985663083
BOS,dep,extension_20251026_1231,67,24960,24373,587.0,5863.0,139266.0,9772.0,372.53731343283584,0.023517628205128205,0.24055307102121198,5.579567307692308,0.39150641025641025
BWI,arr,pre_20250101_0414,104,25354,24859,495.0,3985.0,52828.0,7444.0,243.78846153846155,0.019523546580421235,0.1603041152097832,2.0836159974757433,0.29360258736294076
BWI,arr,stress_20250415_0519,35,9523,9497,26.0,1892.0,26062.0,4402.0,272.0857142857143,0.002730232069725927,0.19922080657049596,2.7367426231229652,0.4622492911897511
BWI,arr,interim_20250520_0615,27,7534,7479,55.0,1655.0,25423.0,7862.0,279.037037037037,0.007300238916910008,0.22128626821767616,3.374435890629148,1.043535970268118
BWI,arr,cap_20250616_1025,132,36516,36023,493.0,7929.0,132990.0,27464.0,276.6363636363636,0.013500931098696461,0.22010937456624935,3.64196516595465,0.7521086646949282
BWI,arr,extension_20251026_1231,67,17181,16923,258.0,3308.0,27841.0,2996.0,256.43283582089555,0.01501658809149642,0.19547361578916267,1.6204528257959374,0.1743786741167569
BWI,dep,pre_20250101_0414,104,25358,24883,475.0,5367.0,74550.0,18924.0,243.82692307692307,0.01873176117990378,0.21568942651609532,2.9399006230775298,0.7462733654073666
BWI,dep,stress_20250415_0519,35,9518,9489,29.0,2378.0,30694.0,5474.0,271.9428571428571,0.003046858583736079,0.25060596480134895,3.224837150661904,0.5751208237024585
BWI,dep,interim_20250520_0615,27,7530,7474,56.0,2103.0,37500.0,9684.0,278.8888888888889,0.007436918990703851,0.28137543484078137,4.9800796812749,1.2860557768924303
BWI,dep,cap_20250616_1025,132,36516,36029,487.0,10103.0,125526.0,57369.0,276.6363636363636,0.013336619564026727,0.28041300063837465,3.437561616825501,1.57106473874466
BWI,dep,extension_20251026_1231,67,17178,16933,245.0,4432.0,53197.0,4929.0,256.3880597014925,0.01426242868785656,0.2617374357762948,3.0968098730934916,0.2869367796018163
DCA,arr,pre_20250101_0414,104,40657,38419,2238.0,11035.0,272127.0,58441.0,390.9326923076923,0.05504587155963303,0.2872276738072308,6.693238556706103,1.437415451213813
DCA,arr,stress_20250415_0519,35,13964,13691,273.0,3696.0,86913.0,15606.0,398.9714285714286,0.019550272128329993,0.2699583668103133,6.224076195932398,1.1175880836436551
DCA,arr,interim_20250520_0615,27,10652,10420,232.0,2770.0,58666.0,18722.0,394.51851851851853,0.021779947427713105,0.2658349328214971,5.507510326699212,1.7576042057829515
DCA,arr,cap_20250616_1025,132,51949,49951,1998.0,13431.0,283794.0,86196.0,393.5530303030303,0.03846079809043485,0.268883505835719,5.462934801439873,1.6592427188203815
DCA,arr,extension_20251026_1231,67,25332,24691,641.0,7753.0,163693.0,19633.0,378.089552238806,0.025303963366492974,0.3140010530152687,6.461905889783673,0.7750276330333176
DCA,dep,pre_20250101_0414,104,40642,38367,2275.0,9684.0,140471.0,37687.0,390.78846153846155,0.05597657595590768,0.252404410039878,3.4563013631218937,0.9272919639781507
DCA,dep,stress_20250415_0519,35,13962,13689,273.0,3219.0,58428.0,9117.0,398.9142857142857,0.019553072625698324,0.235152312075389,4.184787279759346,0.6529866781263429
DCA,dep,interim_20250520_0615,27,10657,10413,244.0,2583.0,52458.0,14137.0,394.7037037037037,0.022895749272778456,0.2480553154710458,4.922398423571361,1.3265459322511026
DCA,dep,cap_20250616_1025,132,51929,49872,2057.0,12640.0,208311.0,81602.0,393.4015151515151,0.03961177761944193,0.25344882900224575,4.011457952203971,1.5714148163839088
DCA,dep,extension_20251026_1231,67,25316,24664,652.0,7058.0,111654.0,15853.0,377.85074626865674,0.025754463580344448,0.2861660720077846,4.410412387422974,0.6262047716858904
EWR,arr,pre_20250101_0414,104,34773,34297,476.0,6713.0,173879.0,30777.0,334.3557692307692,0.013688781525896528,0.19573140507916145,5.00040261122135,0.8850832542489863
EWR,arr,stress_20250415_0519,35,10656,10100,556.0,4736.0,432617.0,18055.0,304.45714285714286,0.052177177177177174,0.4689108910891089,40.598442192192195,1.6943506006006006
EWR,arr,interim_20250520_0615,27,7459,7425,34.0,1904.0,78223.0,5588.0,276.25925925925924,0.00455825177637753,0.25643097643097645,10.487062608928811,0.7491620860705188
EWR,arr,cap_20250616_1025,132,44220,43039,1181.0,12039.0,595741.0,61810.0,335.0,0.02670737222976029,0.2797230418922373,13.472207146087744,1.3977838082315694
EWR,arr,extension_20251026_1231,67,23236,22420,816.0,6394.0,273238.0,11970.0,346.8059701492537,0.03511792046823894,0.2851917930419269,11.759252883456705,0.5151489068686521
EWR,dep,pre_20250101_0414,104,34771,34332,439.0,6227.0,135533.0,13863.0,334.33653846153845,0.012625463748526071,0.18137597576604916,3.8978746656696672,0.3986943142273734
EWR,dep,stress_20250415_0519,35,10663,10092,571.0,3193.0,95542.0,3004.0,304.65714285714284,0.0535496576948326,0.3163892191835117,8.960142549001219,0.2817218418831473
EWR,dep,interim_20250520_0615,27,7457,7427,30.0,1319.0,40275.0,3199.0,276.18518518518516,0.004023065575968888,0.1775952605358826,5.400965535738233,0.42899289258414913
EWR,dep,cap_20250616_1025,132,44225,43060,1165.0,9982.0,248185.0,71813.0,335.0378787878788,0.02634256642170718,0.23181607059916395,5.611871113623516,1.6238100621820237
EWR,dep,extension_20251026_1231,67,23170,22347,823.0,5547.0,151439.0,21815.0,345.82089552238807,0.03552006905481226,0.24822123775003357,6.535994820889081,0.9415192058696591
IAD,arr,pre_20250101_0414,104,14707,14519,188.0,2423.0,32288.0,7664.0,141.41346153846155,0.012783028489834772,0.16688477167849025,2.1954171482967295,0.5211123954579452
IAD,arr,stress_20250415_0519,35,6045,6016,29.0,1176.0,18952.0,3042.0,172.71428571428572,0.004797353184449959,0.19547872340425532,3.1351530190239867,0.5032258064516129
IAD,arr,interim_20250520_0615,27,4802,4774,28.0,877.0,13001.0,4502.0,177.85185185185185,0.0058309037900874635,0.18370339338081274,2.7074135776759682,0.9375260308204915
IAD,arr,cap_20250616_1025,132,21792,21524,268.0,4313.0,76390.0,20147.0,165.0909090909091,0.012298091042584435,0.2003809700799108,3.50541483113069,0.9245135829662261
IAD,arr,extension_20251026_1231,67,10134,10034,100.0,1892.0,27382.0,5202.0,151.2537313432836,0.009867771857114663,0.188558899740881,2.701993289915137,0.5133214920071048
IAD,dep,pre_20250101_0414,104,14704,14513,191.0,2208.0,59390.0,15479.0,141.3846153846154,0.012989662676822633,0.15213946117274169,4.039036996735582,1.0527067464635473
IAD,dep,stress_20250415_0519,35,6045,6010,35.0,1071.0,35405.0,10893.0,172.71428571428572,0.005789909015715467,0.17820299500831946,5.856906534325889,1.801985111662531
IAD,dep,interim_20250520_0615,27,4800,4777,23.0,875.0,27515.0,12844.0,177.77777777777777,0.004791666666666666,0.1831693531505129,5.732291666666667,2.6758333333333333
IAD,dep,cap_20250616_1025,132,21799,21540,259.0,4127.0,82193.0,41496.0,165.1439393939394,0.011881278957750355,0.1915970287836583,3.770494059360521,1.903573558420111
IAD,dep,extension_20251026_1231,67,10198,10094,104.0,1880.0,46694.0,6669.0,152.2089552238806,0.010198078054520495,0.18624925698434713,4.578740929594038,0.6539517552461267
JFK,arr,pre_20250101_0414,104,28897,28496,401.0,5665.0,117544.0,22522.0,277.8557692307692,0.013876873031802609,0.198799831555306,4.0676886874069975,0.7793888638959061
JFK,arr,stress_20250415_0519,35,10156,10101,55.0,2488.0,76206.0,4469.0,290.1714285714286,0.005415517920441118,0.24631224631224632,7.503544702638834,0.44003544702638836
JFK,arr,interim_20250520_0615,27,7909,7868,41.0,1799.0,40490.0,6750.0,292.9259259259259,0.00518396763181186,0.22864768683274023,5.119484132001517,0.8534580857251233
JFK,arr,cap_20250616_1025,132,38557,37600,957.0,8804.0,266322.0,26208.0,292.0984848484849,0.024820395777679798,0.23414893617021276,6.9072282594600205,0.6797209326451746
JFK,arr,extension_20251026_1231,67,19174,18483,691.0,4398.0,97638.0,12360.0,286.17910447761193,0.03603838531344529,0.23794838500243468,5.092208198602274,0.6446229268801502
JFK,dep,pre_20250101_0414,104,28900,28506,394.0,5218.0,144534.0,14438.0,277.88461538461536,0.013633217993079585,0.18304918262821862,5.001176470588235,0.4995847750865052
JFK,dep,stress_20250415_0519,35,10164,10115,49.0,1836.0,54846.0,5370.0,290.4,0.0048209366391184574,0.1815126050420168,5.396103896103896,0.5283353010625738
JFK,dep,interim_20250520_0615,27,7910,7871,39.0,1553.0,44415.0,2178.0,292.962962962963,0.004930467762326169,0.1973065684157032,5.615044247787611,0.2753476611883692
JFK,dep,cap_20250616_1025,132,38595,37665,930.0,8551.0,219764.0,22593.0,292.3863636363636,0.024096385542168676,0.2270277445904686,5.694105454074362,0.5853867081228138
JFK,dep,extension_20251026_1231,67,19191,18487,704.0,4601.0,118649.0,18548.0,286.43283582089555,0.03668386222708561,0.24887758965759724,6.182533479235058,0.9664947110624772
LGA,arr,pre_20250101_0414,104,37381,36643,738.0,7898.0,169884.0,26306.0,359.4326923076923,0.019742650009363046,0.21553912070518244,4.544661726545571,0.703726492068163
LGA,arr,stress_20250415_0519,35,13067,12854,213.0,3451.0,124705.0,16495.0,373.34285714285716,0.016300604576413868,0.26847673875836314,9.54350654320043,1.262340246422285
LGA,arr,interim_20250520_0615,27,9987,9903,84.0,2168.0,36858.0,11305.0,369.8888888888889,0.008410934214478822,0.21892355851762094,3.690597777110243,1.1319715630319416
LGA,arr,cap_20250616_1025,132,49853,48044,1809.0,12479.0,377657.0,61046.0,377.67424242424244,0.03628668284757186,0.25974107068520524,7.575411710428661,1.2245200890618417
LGA,arr,extension_20251026_1231,67,25418,24244,1174.0,8247.0,293792.0,27204.0,379.3731343283582,0.04618774097096546,0.3401666391684541,11.558423164686443,1.0702651664174994
LGA,dep,pre_20250101_0414,104,37380,36618,762.0,6558.0,165967.0,12450.0,359.4230769230769,0.020385232744783308,0.17909224971325577,4.439994649545211,0.3330658105939005
LGA,dep,stress_20250415_0519,35,13091,12875,216.0,2755.0,72908.0,6713.0,374.0285714285714,0.01649988541746238,0.21398058252427185,5.569322435260866,0.5127950500343748
LGA,dep,interim_20250520_0615,27,9989,9901,88.0,1969.0,61655.0,5663.0,369.962962962963,0.008809690659725698,0.19886880113119887,6.1722895184703175,0.5669236159775753
LGA,dep,cap_20250616_1025,132,49855,47986,1869.0,11131.0,308767.0,65513.0,377.68939393939394,0.03748871728011233,0.23196348935106073,6.193300571657808,1.3140708053354728
LGA,dep,extension_20251026_1231,67,25410,24222,1188.0,7004.0,209496.0,17137.0,379.25373134328356,0.046753246753246755,0.289158616134093,8.244628099173553,0.6744195198740653
ORD,arr,pre_20250101_0414,104,78399,77129,1270.0,16280.0,347257.0,90092.0,753.8365384615385,0.016199186214109873,0.21107495235255222,4.429354966262324,1.1491473105524306
ORD,arr,stress_20250415_0519,35,31067,30899,168.0,5875.0,87069.0,23593.0,887.6285714285714,0.005407667299707084,0.19013560309395125,2.8026201435606914,0.759423182154698
ORD,arr,interim_20250520_0615,27,25522,25408,114.0,5920.0,109225.0,33844.0,945.2592592592592,0.0044667345819293155,0.23299748110831234,4.279641093958154,1.3260716244808401
ORD,arr,cap_20250616_1025,132,129777,127718,2059.0,35156.0,781346.0,226643.0,983.1590909090909,0.01586567727717546,0.27526268810974175,6.020681630797445,1.746403445911063
ORD,arr,extension_20251026_1231,67,62246,59832,2414.0,18016.0,548383.0,98173.0,929.044776119403,0.038781608456768306,0.3011097740339618,8.80993156186743,1.5771776499694758
ORD,dep,pre_20250101_0414,104,78402,77239,1163.0,16350.0,293470.0,108143.0,753.8653846153846,0.014833805260069896,0.21168062766219137,3.743144307543175,1.3793398127598786
ORD,dep,stress_20250415_0519,35,31057,30905,152.0,5507.0,113391.0,26194.0,887.3428571428572,0.0048942267443732495,0.17819123119236369,3.6510609524422835,0.8434169430402164
ORD,dep,interim_20250520_0615,27,25525,25440,85.0,5667.0,80728.0,20496.0,945.3703703703703,0.0033300685602350635,0.22275943396226416,3.1627032321253674,0.802977473065622
ORD,dep,cap_20250616_1025,132,129787,127868,1919.0,35641.0,489393.0,212689.0,983.2348484848485,0.014785764367771811,0.27873275565426847,3.7707397505143043,1.6387542666060546
ORD,dep,extension_20251026_1231,67,62257,59920,2337.0,17559.0,381713.0,192369.0,929.2089552238806,0.03753794754003566,0.2930407209612817,6.131246285558251,3.089917599627351
PHL,arr,pre_20250101_0414,104,24713,24143,570.0,5214.0,64806.0,14363.0,237.625,0.023064783717071987,0.2159632191525494,2.622344515032574,0.5811920851373771
PHL,arr,stress_20250415_0519,35,10070,9904,166.0,2527.0,42784.0,7597.0,287.7142857142857,0.016484607745779544,0.25514943457189015,4.248659384309831,0.7544190665342602
PHL,arr,interim_20250520_0615,27,7750,7683,67.0,2024.0,26112.0,10935.0,287.037037037037,0.00864516129032258,0.26343876090068985,3.369290322580645,1.4109677419354838
PHL,arr,cap_20250616_1025,132,38235,37349,886.0,9655.0,161753.0,49818.0,289.65909090909093,0.023172485942199554,0.25850759056467376,4.230495619197071,1.3029423303256178
PHL,arr,extension_20251026_1231,67,16742,16397,345.0,3932.0,38373.0,8789.0,249.88059701492537,0.020606857006331383,0.23979996340794046,2.2920200692868233,0.5249671484888305
PHL,dep,pre_20250101_0414,104,24706,24139,567.0,4692.0,113097.0,19773.0,237.55769230769232,0.02294989071480612,0.19437424914039522,4.577713915648021,0.8003319031814135
PHL,dep,stress_20250415_0519,35,10072,9905,167.0,2297.0,48068.0,8420.0,287.77142857142854,0.01658061953931692,0.23190307925290257,4.7724384432088955,0.8359809372517871
PHL,dep,interim_20250520_0615,27,7752,7690,62.0,1807.0,43852.0,4959.0,287.1111111111111,0.007997936016511867,0.23498049414824448,5.6568627450980395,0.6397058823529411
PHL,dep,cap_20250616_1025,132,38250,37357,893.0,9976.0,165852.0,44855.0,289.77272727272725,0.02334640522875817,0.2670449982600316,4.336,1.1726797385620915
PHL,dep,extension_20251026_1231,67,16739,16389,350.0,4050.0,90692.0,15036.0,249.83582089552237,0.020909253838341597,0.2471169686985173,5.418005854591074,0.898261544895155
