IATA_CODE_Reporting_Airline,Reporting_Airline,side,period,days,scheduled_ops,operated_ops,cancelled_ops,delay15_ops,nas_delay_minutes,weather_delay_minutes,ops_per_day,cancel_rate,delay15_rate,nas_delay_per_scheduled_op
AA,AA,arr,pre_20250101_0414,104,1787,1759,28.0,522.0,9584.0,3123.0,17.182692307692307,0.01566871852266368,0.2967595224559409,5.36317851147174
AA,AA,arr,stress_20250415_0519,35,557,535,22.0,283.0,16957.0,1827.0,15.914285714285715,0.03949730700179533,0.5289719626168224,30.443447037701976
AA,AA,arr,interim_20250520_0615,27,450,448,2.0,165.0,3653.0,730.0,16.666666666666668,0.0044444444444444444,0.36830357142857145,8.117777777777778
AA,AA,arr,cap_20250616_1025,132,2199,2120,79.0,776.0,24671.0,3767.0,16.65909090909091,0.035925420645748066,0.3660377358490566,11.21919054115507
AA,AA,arr,extension_20251026_1231,67,1149,1110,39.0,382.0,10657.0,857.0,17.149253731343283,0.033942558746736295,0.3441441441441441,9.275021758050478
AA,AA,dep,pre_20250101_0414,104,1788,1758,30.0,318.0,6092.0,1307.0,17.192307692307693,0.016778523489932886,0.18088737201365188,3.407158836689038
AA,AA,dep,stress_20250415_0519,35,557,533,24.0,180.0,3362.0,1011.0,15.914285714285715,0.04308797127468582,0.33771106941838647,6.0359066427289045
AA,AA,dep,interim_20250520_0615,27,451,447,4.0,98.0,1916.0,486.0,16.703703703703702,0.008869179600886918,0.21923937360178972,4.248337028824833
AA,AA,dep,cap_20250616_1025,132,2202,2124,78.0,495.0,10613.0,5441.0,16.681818181818183,0.035422343324250684,0.2330508474576271,4.819709355131699
AA,AA,dep,extension_20251026_1231,67,1148,1108,40.0,238.0,5459.0,3642.0,17.134328358208954,0.03484320557491289,0.2148014440433213,4.755226480836237
AS,AS,arr,pre_20250101_0414,104,663,662,1.0,104.0,1935.0,294.0,6.375,0.0015082956259426848,0.15709969788519637,2.918552036199095
AS,AS,arr,stress_20250415_0519,35,339,333,6.0,152.0,20468.0,1459.0,9.685714285714285,0.017699115044247787,0.45645645645645644,60.37758112094395
AS,AS,arr,interim_20250520_0615,27,266,262,4.0,65.0,2880.0,0.0,9.851851851851851,0.015037593984962405,0.2480916030534351,10.827067669172932
AS,AS,arr,cap_20250616_1025,132,1238,1216,22.0,245.0,8201.0,1352.0,9.378787878787879,0.017770597738287562,0.20148026315789475,6.624394184168013
AS,AS,arr,extension_20251026_1231,67,645,630,15.0,107.0,5710.0,403.0,9.626865671641792,0.023255813953488372,0.16984126984126985,8.852713178294573
AS,AS,dep,pre_20250101_0414,104,663,657,6.0,129.0,2537.0,250.0,6.375,0.00904977375565611,0.1963470319634703,3.8265460030165914
AS,AS,dep,stress_20250415_0519,35,339,332,7.0,161.0,2448.0,125.0,9.685714285714285,0.02064896755162242,0.48493975903614456,7.221238938053097
AS,AS,dep,interim_20250520_0615,27,266,261,5.0,61.0,1028.0,6.0,9.851851851851851,0.018796992481203006,0.23371647509578544,3.8646616541353382
AS,AS,dep,cap_20250616_1025,132,1238,1211,27.0,295.0,9050.0,3821.0,9.378787878787879,0.021809369951534735,0.24360033030553263,7.310177705977383
AS,AS,dep,extension_20251026_1231,67,644,624,20.0,150.0,5338.0,552.0,9.611940298507463,0.031055900621118012,0.2403846153846154,8.288819875776397
B6,B6,arr,pre_20250101_0414,104,1443,1425,18.0,442.0,8008.0,305.0,13.875,0.012474012474012475,0.3101754385964912,5.54954954954955
B6,B6,arr,stress_20250415_0519,35,545,531,14.0,275.0,19357.0,225.0,15.571428571428571,0.025688073394495414,0.5178907721280602,35.51743119266055
B6,B6,arr,interim_20250520_0615,27,434,434,0.0,118.0,4386.0,514.0,16.074074074074073,0.0,0.271889400921659,10.105990783410139
B6,B6,arr,cap_20250616_1025,132,1896,1839,57.0,594.0,28349.0,1079.0,14.363636363636363,0.030063291139240507,0.32300163132137033,14.952004219409282
B6,B6,arr,extension_20251026_1231,67,984,941,43.0,363.0,11147.0,270.0,14.686567164179104,0.04369918699186992,0.38575982996811903,11.328252032520325
B6,B6,dep,pre_20250101_0414,104,1448,1431,17.0,374.0,9646.0,893.0,13.923076923076923,0.011740331491712707,0.2613556953179595,6.661602209944752
B6,B6,dep,stress_20250415_0519,35,542,520,22.0,139.0,4829.0,0.0,15.485714285714286,0.04059040590405904,0.2673076923076923,8.909594095940959
B6,B6,dep,interim_20250520_0615,27,432,432,0.0,74.0,2683.0,253.0,16.0,0.0,0.1712962962962963,6.210648148148148
B6,B6,dep,cap_20250616_1025,132,1897,1842,55.0,432.0,10319.0,4288.0,14.371212121212121,0.028993147074327884,0.23452768729641693,5.439641539272536
B6,B6,dep,extension_20251026_1231,67,990,949,41.0,274.0,8230.0,1426.0,14.776119402985074,0.04141414141414142,0.28872497365648053,8.313131313131313
DL,DL,arr,pre_20250101_0414,104,1750,1737,13.0,509.0,11513.0,3638.0,16.826923076923077,0.0074285714285714285,0.29303396660909614,6.578857142857143
DL,DL,arr,stress_20250415_0519,35,603,594,9.0,384.0,33579.0,324.0,17.228571428571428,0.014925373134328358,0.6464646464646465,55.6865671641791
DL,DL,arr,interim_20250520_0615,27,471,468,3.0,165.0,5885.0,280.0,17.444444444444443,0.006369426751592357,0.3525641025641026,12.494692144373673
DL,DL,arr,cap_20250616_1025,132,2537,2477,60.0,772.0,37621.0,2492.0,19.21969696969697,0.023649980291683092,0.3116673395236173,14.828931809223493
DL,DL,arr,extension_20251026_1231,67,1219,1155,64.0,395.0,13859.0,2445.0,18.19402985074627,0.052502050861361775,0.341991341991342,11.36915504511895
DL,DL,dep,pre_20250101_0414,104,1750,1736,14.0,445.0,5150.0,1032.0,16.826923076923077,0.008,0.2563364055299539,2.942857142857143
DL,DL,dep,stress_20250415_0519,35,603,594,9.0,273.0,4580.0,0.0,17.228571428571428,0.014925373134328358,0.4595959595959596,7.595356550580431
DL,DL,dep,interim_20250520_0615,27,471,466,5.0,116.0,2262.0,8.0,17.444444444444443,0.010615711252653927,0.24892703862660945,4.802547770700637
DL,DL,dep,cap_20250616_1025,132,2537,2477,60.0,651.0,15143.0,3198.0,19.21969696969697,0.023649980291683092,0.26281792490916434,5.968860859282617
DL,DL,dep,extension_20251026_1231,67,1220,1155,65.0,338.0,4690.0,2291.0,18.208955223880597,0.05327868852459016,0.29264069264069265,3.8442622950819674
F9,F9,arr,pre_20250101_0414,104,312,304,8.0,123.0,2570.0,127.0,3.0,0.02564102564102564,0.40460526315789475,8.237179487179487
F9,F9,arr,stress_20250415_0519,35,105,101,4.0,58.0,2554.0,34.0,3.0,0.0380952380952381,0.5742574257425742,24.323809523809523
F9,F9,arr,interim_20250520_0615,27,81,79,2.0,38.0,603.0,16.0,3.0,0.024691358024691357,0.4810126582278481,7.444444444444445
F9,F9,arr,cap_20250616_1025,132,396,390,6.0,139.0,2983.0,202.0,3.0,0.015151515151515152,0.3564102564102564,7.532828282828283
F9,F9,arr,extension_20251026_1231,67,200,191,9.0,86.0,2330.0,67.0,2.985074626865672,0.045,0.450261780104712,11.65
F9,F9,dep,pre_20250101_0414,104,312,302,10.0,113.0,3187.0,267.0,3.0,0.03205128205128205,0.3741721854304636,10.21474358974359
F9,F9,dep,stress_20250415_0519,35,105,100,5.0,48.0,673.0,0.0,3.0,0.047619047619047616,0.48,6.40952380952381
F9,F9,dep,interim_20250520_0615,27,81,78,3.0,21.0,396.0,0.0,3.0,0.037037037037037035,0.2692307692307692,4.888888888888889
F9,F9,dep,cap_20250616_1025,132,395,389,6.0,104.0,2504.0,20.0,2.992424242424242,0.015189873417721518,0.26735218508997427,6.339240506329114
F9,F9,dep,extension_20251026_1231,67,200,188,12.0,63.0,1476.0,263.0,2.985074626865672,0.06,0.3351063829787234,7.38
G4,G4,arr,pre_20250101_0414,73,124,123,1.0,13.0,264.0,160.0,1.6986301369863013,0.008064516129032258,0.10569105691056911,2.129032258064516
G4,G4,arr,stress_20250415_0519,24,44,44,0.0,23.0,2298.0,0.0,1.8333333333333333,0.0,0.5227272727272727,52.22727272727273
G4,G4,arr,interim_20250520_0615,26,71,71,0.0,19.0,913.0,0.0,2.730769230769231,0.0,0.2676056338028169,12.859154929577464
G4,G4,arr,cap_20250616_1025,115,293,292,1.0,40.0,1099.0,254.0,2.5478260869565217,0.0034129692832764505,0.136986301369863,3.750853242320819
G4,G4,arr,extension_20251026_1231,55,136,135,1.0,17.0,2035.0,21.0,2.4727272727272727,0.007352941176470588,0.1259259259259259,14.963235294117647
G4,G4,dep,pre_20250101_0414,73,124,123,1.0,19.0,373.0,10.0,1.6986301369863013,0.008064516129032258,0.15447154471544716,3.0080645161290325
G4,G4,dep,stress_20250415_0519,24,44,44,0.0,22.0,660.0,69.0,1.8333333333333333,0.0,0.5,15.0
G4,G4,dep,interim_20250520_0615,26,71,71,0.0,19.0,498.0,17.0,2.730769230769231,0.0,0.2676056338028169,7.014084507042254
G4,G4,dep,cap_20250616_1025,115,293,292,1.0,42.0,1636.0,410.0,2.5478260869565217,0.0034129692832764505,0.14383561643835616,5.583617747440273
G4,G4,dep,extension_20251026_1231,55,136,135,1.0,24.0,2107.0,33.0,2.4727272727272727,0.007352941176470588,0.17777777777777778,15.492647058823529
MQ,MQ,arr,pre_20250101_0414,103,328,321,7.0,96.0,2136.0,586.0,3.1844660194174756,0.021341463414634148,0.29906542056074764,6.512195121951219
MQ,MQ,arr,stress_20250415_0519,35,100,77,23.0,43.0,2467.0,118.0,2.857142857142857,0.23,0.5584415584415584,24.67
MQ,MQ,arr,interim_20250520_0615,27,72,70,2.0,22.0,1160.0,3.0,2.6666666666666665,0.027777777777777776,0.3142857142857143,16.11111111111111
MQ,MQ,arr,cap_20250616_1025,132,265,260,5.0,48.0,1429.0,173.0,2.007575757575758,0.018867924528301886,0.18461538461538463,5.392452830188679
MQ,MQ,arr,extension_20251026_1231,67,137,123,14.0,28.0,723.0,240.0,2.044776119402985,0.10218978102189781,0.22764227642276422,5.2773722627737225
MQ,MQ,dep,pre_20250101_0414,103,328,320,8.0,90.0,1726.0,395.0,3.1844660194174756,0.024390243902439025,0.28125,5.262195121951219
MQ,MQ,dep,stress_20250415_0519,35,100,76,24.0,44.0,863.0,18.0,2.857142857142857,0.24,0.5789473684210527,8.63
MQ,MQ,dep,interim_20250520_0615,27,72,70,2.0,24.0,456.0,113.0,2.6666666666666665,0.027777777777777776,0.34285714285714286,6.333333333333333
MQ,MQ,dep,cap_20250616_1025,132,265,259,6.0,64.0,1236.0,1246.0,2.007575757575758,0.022641509433962263,0.2471042471042471,4.664150943396226
MQ,MQ,dep,extension_20251026_1231,67,137,123,14.0,33.0,1130.0,129.0,2.044776119402985,0.10218978102189781,0.2682926829268293,8.248175182481752
NK,NK,arr,pre_20250101_0414,104,2745,2689,56.0,498.0,22714.0,1042.0,26.39423076923077,0.02040072859744991,0.185198958720714,8.274681238615665
NK,NK,arr,stress_20250415_0519,35,846,785,61.0,429.0,47191.0,846.0,24.17142857142857,0.07210401891252956,0.5464968152866242,55.78132387706856
NK,NK,arr,interim_20250520_0615,27,627,623,4.0,181.0,8962.0,320.0,23.22222222222222,0.006379585326953748,0.29052969502407705,14.293460925039872
NK,NK,arr,cap_20250616_1025,132,3193,3092,101.0,901.0,58399.0,1090.0,24.189393939393938,0.031631694331349824,0.29139715394566623,18.28969621046038
NK,NK,arr,extension_20251026_1231,67,1660,1546,114.0,515.0,24356.0,273.0,24.776119402985074,0.06867469879518072,0.333117723156533,14.672289156626507
NK,NK,dep,pre_20250101_0414,104,2739,2683,56.0,465.0,21630.0,52.0,26.33653846153846,0.02044541803577948,0.17331345508758852,7.897042716319825
NK,NK,dep,stress_20250415_0519,35,847,782,65.0,325.0,34760.0,66.0,24.2,0.07674144037780402,0.4156010230179028,41.03896103896104
NK,NK,dep,interim_20250520_0615,27,627,623,4.0,140.0,8139.0,0.0,23.22222222222222,0.006379585326953748,0.2247191011235955,12.980861244019138
NK,NK,dep,cap_20250616_1025,132,3194,3089,105.0,750.0,40376.0,1652.0,24.196969696969695,0.03287413901064496,0.24279702168986728,12.641202254226675
NK,NK,dep,extension_20251026_1231,67,1660,1547,113.0,515.0,24916.0,1211.0,24.776119402985074,0.06807228915662651,0.3329023917259211,15.009638554216867
OO,OO,arr,pre_20250101_0414,2,4,4,0.0,2.0,37.0,0.0,2.0,0.0,0.5,9.25
OO,OO,dep,pre_20250101_0414,2,4,4,0.0,2.0,0.0,35.0,2.0,0.0,0.5,0.0
UA,UA,arr,pre_20250101_0414,104,19943,19757,186.0,3611.0,88934.0,16363.0,191.7596153846154,0.009326580755152183,0.18277066356228172,4.459409316552174
UA,UA,arr,stress_20250415_0519,35,6119,5941,178.0,2639.0,243194.0,11639.0,174.82857142857142,0.029089720542572316,0.4442013129102845,39.74407582938389
UA,UA,arr,interim_20250520_0615,27,3850,3834,16.0,913.0,37776.0,3295.0,142.59259259259258,0.004155844155844156,0.238132498695879,9.811948051948052
UA,UA,arr,cap_20250616_1025,132,23620,23201,419.0,6489.0,325799.0,39803.0,178.93939393939394,0.017739204064352244,0.27968622042153357,13.793353090601185
UA,UA,arr,extension_20251026_1231,67,13210,12947,263.0,3614.0,169322.0,6203.0,197.16417910447763,0.019909159727479184,0.27913802425272266,12.817713853141559
UA,UA,dep,pre_20250101_0414,104,19943,19796,147.0,3679.0,75503.0,8882.0,191.7596153846154,0.007371007371007371,0.18584562537886443,3.7859399287970716
UA,UA,dep,stress_20250415_0519,35,6129,5953,176.0,1766.0,34513.0,1272.0,175.11428571428573,0.02871594061021374,0.2966571476566437,5.631098058410834
UA,UA,dep,interim_20250520_0615,27,3847,3841,6.0,613.0,18558.0,1861.0,142.4814814814815,0.0015596568754873928,0.1595938557667274,4.824018715882506
UA,UA,dep,cap_20250616_1025,132,23622,23232,390.0,5604.0,127970.0,40468.0,178.95454545454547,0.01651003302006604,0.2412190082644628,5.417407501481669
UA,UA,dep,extension_20251026_1231,67,13206,12946,260.0,3277.0,84051.0,9336.0,197.1044776119403,0.01968802059669847,0.25312837942221533,6.364606996819627
YX,YX,arr,pre_20250101_0414,104,5674,5516,158.0,793.0,26184.0,5139.0,54.55769230769231,0.02784631653154741,0.14376359680928208,4.614733873810363
YX,YX,arr,stress_20250415_0519,35,1398,1159,239.0,450.0,44552.0,1583.0,39.94285714285714,0.1709585121602289,0.3882657463330457,31.86838340486409
YX,YX,arr,interim_20250520_0615,27,1137,1136,1.0,218.0,12005.0,430.0,42.111111111111114,0.0008795074758135445,0.19190140845070422,10.558487247141601
YX,YX,arr,cap_20250616_1025,132,8583,8152,431.0,2035.0,107190.0,11598.0,65.02272727272727,0.05021554235115927,0.24963199214916584,12.48864033554701
YX,YX,arr,extension_20251026_1231,67,3896,3642,254.0,887.0,33099.0,1191.0,58.149253731343286,0.06519507186858316,0.24354750137287204,8.495636550308008
YX,YX,dep,pre_20250101_0414,104,5672,5522,150.0,593.0,9689.0,740.0,54.53846153846154,0.026445698166431594,0.10738862730894604,1.7082157968970382
YX,YX,dep,stress_20250415_0519,35,1397,1158,239.0,235.0,8854.0,443.0,39.91428571428571,0.17108088761632068,0.20293609671848015,6.337866857551897
YX,YX,dep,interim_20250520_0615,27,1139,1138,1.0,153.0,4339.0,455.0,42.18518518518518,0.000877963125548727,0.1344463971880492,3.809482001755926
YX,YX,dep,cap_20250616_1025,132,8582,8145,437.0,1545.0,29338.0,11269.0,65.01515151515152,0.0509205313446749,0.18968692449355432,3.4185504544395244
YX,YX,dep,extension_20251026_1231,67,3829,3572,257.0,635.0,14042.0,2932.0,57.149253731343286,0.06711935231130843,0.17777155655095184,3.6672760511883
